business_name,address,phone,category,neighborhood,google_maps_url,website_url,quality_score,platform,registrar,est_monthly_cost,pain_points,priority_rank,outreach_doc_ready,place_id,rating,user_ratings_total,domain_suggestions
Tucson Wings,"12130 N Dove Mountain Blvd, Marana, AZ 85658, USA",+1 520-638-7069,restaurant,dove-mountain-marana,https://maps.google.com/?q=Tucson%20Wings%2012130%20N%20Dove%20Mountain%20Blvd%2C%20Marana%2C%20AZ%2085658%2C%20USA,https://tucsonwings.com/,2,wordpress,GoDaddy.com,0,has website,1,false,ChIJh1x1DB0J1oYRvpW5kUyUa-Q,3.2,32,
Indian twist dove mountain,"12130 N Dove Mountain Blvd, Marana, AZ 85658, USA",+1 520-638-7069,restaurant,dove-mountain-marana,https://maps.google.com/?q=Indian%20twist%20dove%20mountain%2012130%20N%20Dove%20Mountain%20Blvd%2C%20Marana%2C%20AZ%2085658%2C%20USA,,1,,,0,no website,2,false,ChIJCTHs8oEJ1oYRenzLHIHSDYA,3,11,indiantwistdovemountain.com; indiantwistdovemountaintucson.com
Amore—Dove Mountain,"12130 N Dove Mountain Blvd #104, Marana, AZ 85658, USA",+1 520-579-2292,restaurant,dove-mountain-marana,https://maps.google.com/?q=Amore%E2%80%94Dove%20Mountain%2012130%20N%20Dove%20Mountain%20Blvd%20%23104%2C%20Marana%2C%20AZ%2085658%2C%20USA,https://amoretucson.com/,2,custom/unknown,Tucows Domains Inc.,0,has website,3,false,ChIJhwYzg_kJ1oYRmrPJjmr6l-U,4.1,688,
Dove Mountain Brewing Company,"12130 N Dove Mountain Blvd, Marana, AZ 85658, USA",+1 520-579-8999,restaurant,dove-mountain-marana,https://maps.google.com/?q=Dove%20Mountain%20Brewing%20Company%2012130%20N%20Dove%20Mountain%20Blvd%2C%20Marana%2C%20AZ%2085658%2C%20USA,http://www.dovemountainbrew.com/,2,custom/unknown,Wild West Domains,0,has website,4,false,ChIJh2LS3fAJ1oYRuEv6MPdOcE0,4.2,782,
Old Pueblo Cellars,"10088 N St Patrick Rd, Tucson, AZ 85742, USA",+1 520-551-1011,restaurant,dove-mountain-marana,https://maps.google.com/?q=Old%20Pueblo%20Cellars%2010088%20N%20St%20Patrick%20Rd%2C%20Tucson%2C%20AZ%2085742%2C%20USA,https://www.oldpueblocellars.com/,2,wordpress,GoDaddy.com,0,has website,5,false,ChIJM-Edlv4L1oYRn3bBOIi8OFI,4.8,211,
Nico's Taco Shop,"12090 N Thornydale Rd, Marana, AZ 85658, USA",+1 520-433-0072,restaurant,dove-mountain-marana,https://maps.google.com/?q=Nico%27s%20Taco%20Shop%2012090%20N%20Thornydale%20Rd%2C%20Marana%2C%20AZ%2085658%2C%20USA,,1,,,0,no website,7,false,ChIJKYi_nbkL1oYRX2qIaN4uQlc,4.1,186,nicostacoshoptucson.com; nicostacoshopaz.com
Dove M Chinese Bistro,"12090 N Thornydale Rd #112, Marana, AZ 85658, USA",+1 520-638-8976,restaurant,dove-mountain-marana,https://maps.google.com/?q=Dove%20M%20Chinese%20Bistro%2012090%20N%20Thornydale%20Rd%20%23112%2C%20Marana%2C%20AZ%2085658%2C%20USA,https://www.dovemchinesebistro.com/,2,custom/unknown,GoDaddy.com,0,has website,8,false,ChIJ74nXqioK1oYRdjvSOvOafZg,4.4,540,
SNOWFOX Sushi,"12100 N Thornydale Rd, Marana, AZ 85658, USA",,restaurant,dove-mountain-marana,https://maps.google.com/?q=SNOWFOX%20Sushi%2012100%20N%20Thornydale%20Rd%2C%20Marana%2C%20AZ%2085658%2C%20USA,https://www.snowfox.com/,2,wordpress,123-Reg Limited,0,has website,9,false,ChIJIXyBhGML1oYRnZa9GACfDFY,4,4,
Bianchi's Italian Restaurant North,"3620 W Tangerine Rd, Marana, AZ 85658, USA",+1 520-579-8118,restaurant,dove-mountain-marana,https://maps.google.com/?q=Bianchi%27s%20Italian%20Restaurant%20North%203620%20W%20Tangerine%20Rd%2C%20Marana%2C%20AZ%2085658%2C%20USA,http://bianchisitalian.com/,2,,GoDaddy.com,0,has website,12,false,ChIJi-v1pdUL1oYRWHok_QEwhtg,4.1,625,
Chung's,"3620 W Tangerine Rd, Marana, AZ 85658, USA",,restaurant,dove-mountain-marana,https://maps.google.com/?q=Chung%27s%203620%20W%20Tangerine%20Rd%2C%20Marana%2C%20AZ%2085658%2C%20USA,,1,,,0,no website,13,false,ChIJjdQAVwAL1oYRyAQK0RaB-JE,,,chungstucson.com; chungsaz.com
Fitos Taco shop,"9665 N Thornydale Rd, Tucson, AZ 85742, USA",+1 520-744-4370,restaurant,dove-mountain-marana,https://maps.google.com/?q=Fitos%20Taco%20shop%209665%20N%20Thornydale%20Rd%2C%20Tucson%2C%20AZ%2085742%2C%20USA,https://www.fitostacoshopthornydale.com/order,2,custom/unknown,GoDaddy.com,0,has website,16,false,ChIJE3BVWqoL1oYR1qrBKayM3x0,3.8,234,
Crooked Tree Bar & Grill,"9101 N Thornydale Rd, Tucson, AZ 85742, USA",+1 520-744-3322,restaurant,dove-mountain-marana,https://maps.google.com/?q=Crooked%20Tree%20Bar%20%26%20Grill%209101%20N%20Thornydale%20Rd%2C%20Tucson%2C%20AZ%2085742%2C%20USA,,1,,,0,no website,18,false,ChIJU_k8beIK1oYRjJXf7L_pQuA,4,72,crookedtreebargrill.com; crookedtreebargrilltucson.com
The Highlands Bar & Grille,"4949 W Heritage Club Blvd, Marana, AZ 85658, USA",+1 520-579-9583,restaurant,dove-mountain-marana,https://maps.google.com/?q=The%20Highlands%20Bar%20%26%20Grille%204949%20W%20Heritage%20Club%20Blvd%2C%20Marana%2C%20AZ%2085658%2C%20USA,https://www.thehighlandsatdovemountain.com/?utm_source=google&utm_medium=gbp&utm_campaign=standard,2,custom/unknown,GoDaddy.com,0,has website,19,false,ChIJ8bU3pcAJ1oYRYsZziGSjBxs,4.7,236,
QuikTrip,"6555 W Twin Peaks Rd, Tucson, AZ 85742, USA",+1 520-848-5157,restaurant,dove-mountain-marana,https://maps.google.com/?q=QuikTrip%206555%20W%20Twin%20Peaks%20Rd%2C%20Tucson%2C%20AZ%2085742%2C%20USA,https://locations.quiktrip.com/az/marana/6555-w-twin-peaks-rd?utm_source=gmb&utm_medium=yext&y_source=1_ODE3MDk2MzUtNzE1LWxvY2F0aW9uLndlYnNpdGU%3D,2,custom/unknown,unregistered,0,has website,20,false,ChIJ2e-HU7rh1YYRCmW9KGGnSLE,4,44,
Oasis Golf Club & Lounge,"9290 N Thornydale Rd Suite 108, Tucson, AZ 85742, USA",+1 520-308-4840,bar,dove-mountain-marana,https://maps.google.com/?q=Oasis%20Golf%20Club%20%26%20Lounge%209290%20N%20Thornydale%20Rd%20Suite%20108%2C%20Tucson%2C%20AZ%2085742%2C%20USA,https://oasisgolftucson.com/,2,custom/unknown,Tucows Domains Inc.,0,has website,21,false,ChIJ29RUWbQL1oYRBrNvxFeYr2s,4.9,17,
Hawaii Fluid Art Tucson,"6401 Marana Center Blvd STE 800, Tucson, AZ 85742, USA",+1 520-850-8046,bar,dove-mountain-marana,https://maps.google.com/?q=Hawaii%20Fluid%20Art%20Tucson%206401%20Marana%20Center%20Blvd%20STE%20800%2C%20Tucson%2C%20AZ%2085742%2C%20USA,https://tucson.hawaiifluidart.com/,2,custom/unknown,unregistered,0,has website,22,false,ChIJLe737czh1YYRyeMmCNBuzEs,5,17,
Roadrunner Coffee Co.,"9665 N Thornydale Rd #140a, Tucson, AZ 85742, USA",+1 520-579-7011,cafe,dove-mountain-marana,https://maps.google.com/?q=Roadrunner%20Coffee%20Co.%209665%20N%20Thornydale%20Rd%20%23140a%2C%20Tucson%2C%20AZ%2085742%2C%20USA,http://www.roadrunnercoffeeco.com/,2,squarespace,Tucows Domains Inc.,0,has website,25,false,ChIJd0Nj7P8K1oYRgbUFA5F5TQo,4.4,620,
The Brew Keeni Coffee Co.,"6401 Marana Center Blvd, Tucson, AZ 85742, USA",,cafe,dove-mountain-marana,https://maps.google.com/?q=The%20Brew%20Keeni%20Coffee%20Co.%206401%20Marana%20Center%20Blvd%2C%20Tucson%2C%20AZ%2085742%2C%20USA,https://apps.apple.com/us/app/the-brew-keeni-coffee-co/id6504633092,2,custom/unknown,unregistered,0,has website,26,false,ChIJGe6KsBsL1oYRaHqxNBREc5I,5,8,
Blue Finch Bakery,"3580 W Montgomery St, Tucson, AZ 85742, USA",+1 520-780-9496,bakery,dove-mountain-marana,https://maps.google.com/?q=Blue%20Finch%20Bakery%203580%20W%20Montgomery%20St%2C%20Tucson%2C%20AZ%2085742%2C%20USA,http://www.thebluefinchbakery.com/,2,weebly,Register.com - Network Solutions,0,has website,27,false,ChIJ8z0rM6QL1oYRt_8ac5N9Xh8,4.8,23,
Fry's Marketplace,"12100 N Thornydale Rd, Marana, AZ 85658, USA",+1 520-572-6040,bakery,dove-mountain-marana,https://maps.google.com/?q=Fry%27s%20Marketplace%2012100%20N%20Thornydale%20Rd%2C%20Marana%2C%20AZ%2085658%2C%20USA,https://www.frysfood.com/stores/grocery/az/marana/tangerine-thornydale/660/00689?cid=loc_66000689_gmb,2,,Network Solutions,0,has website,28,false,ChIJiYe1RtUL1oYR-qF_0g8v-JA,4.3,991,
Saguaro & Sunrise,"W Condor Dr, Tucson, AZ 85742, USA",+1 937-225-1671,bakery,dove-mountain-marana,https://maps.google.com/?q=Saguaro%20%26%20Sunrise%20W%20Condor%20Dr%2C%20Tucson%2C%20AZ%2085742%2C%20USA,,1,,,0,no website,29,false,ChIJtUlA5kI5GgAR55JoLsHmYDA,5,15,saguarosunrisetucson.com; saguarosunriseaz.com
Wetzel's Pretzels,"6401 Marana Center Blvd Suite 802, Tucson, AZ 85742, USA",+1 602-810-3482,bakery,dove-mountain-marana,https://maps.google.com/?q=Wetzel%27s%20Pretzels%206401%20Marana%20Center%20Blvd%20Suite%20802%2C%20Tucson%2C%20AZ%2085742%2C%20USA,https://www.wetzels.com/,2,custom/unknown,Amazon Registrar,0,has website,30,false,ChIJZQseF9Ph1YYR25n2na8qSWA,3.1,31,
Sbarro,"6401 Marana Center Blvd, Tucson, AZ 85742, USA",+1 520-485-0720,meal_delivery,dove-mountain-marana,https://maps.google.com/?q=Sbarro%206401%20Marana%20Center%20Blvd%2C%20Tucson%2C%20AZ%2085742%2C%20USA,https://sbarro.com/,2,wordpress,Network Solutions,0,has website,31,false,ChIJsSEk5tPh1YYRl9r8SjcWuos,3.5,93,
Duke's Delicious Pizza,"6401 Marana Center Blvd, Tucson, AZ 85742, USA",+1 520-561-0791,meal_takeaway,dove-mountain-marana,https://maps.google.com/?q=Duke%27s%20Delicious%20Pizza%206401%20Marana%20Center%20Blvd%2C%20Tucson%2C%20AZ%2085742%2C%20USA,,1,,,0,no website,32,false,ChIJrUy832Rz1oYR4DYeWJ3kJiQ,5,45,dukesdeliciouspizzatucson.com; dukesdeliciouspizzaaz.com
Salon Blonde,"12120 N Dove Mountain Blvd #162, Marana, AZ 85658, USA",+1 520-770-7874,hair_salon,dove-mountain-marana,https://maps.google.com/?q=Salon%20Blonde%2012120%20N%20Dove%20Mountain%20Blvd%20%23162%2C%20Marana%2C%20AZ%2085658%2C%20USA,http://salonblonde.biz/,2,wordpress,Wild West Domains,0,has website,33,false,ChIJG6eGYPAJ1oYRCKp_z6YdGYg,4.8,240,
Cactus Blossom Salon,"9725 N Thornydale Rd #131, Tucson, AZ 85742, USA",+1 520-389-8454,hair_salon,dove-mountain-marana,https://maps.google.com/?q=Cactus%20Blossom%20Salon%209725%20N%20Thornydale%20Rd%20%23131%2C%20Tucson%2C%20AZ%2085742%2C%20USA,http://www.cactusblossombeautysalon.com/,2,custom/unknown,eNom,0,has website,35,false,ChIJmaQCDNgL1oYR6MmIEmfqSl4,4.8,540,
Eye on the cut barbershop,"9665 N Thornydale Rd #140, Tucson, AZ 85742, USA",+1 520-638-8057,hair_salon,dove-mountain-marana,https://maps.google.com/?q=Eye%20on%20the%20cut%20barbershop%209665%20N%20Thornydale%20Rd%20%23140%2C%20Tucson%2C%20AZ%2085742%2C%20USA,https://www.instagram.com/eye_onthe_cutbarbershop?igsh=NGFqenFvcmVjanAz&utm_source=qr,2,custom/unknown,RegistrarSafe,0,has website,36,false,ChIJuZhinRYL1oYRw6xfT6VHY0I,5,131,
Amy's Nails Salon,"12080 N Dove Mountain Blvd, Marana, AZ 85658, USA",+1 520-572-9999,nail_salon,dove-mountain-marana,https://maps.google.com/?q=Amy%27s%20Nails%20Salon%2012080%20N%20Dove%20Mountain%20Blvd%2C%20Marana%2C%20AZ%2085658%2C%20USA,https://amysnailssalon.com/,2,wordpress,NameCheap,0,has website,38,false,ChIJfydfhckJ1oYRijugMohoDD8,4.1,171,
CUTE NAILS SPA,"12050 N Thornydale Rd #130, Marana, AZ 85658, USA",+1 520-579-1949,nail_salon,dove-mountain-marana,https://maps.google.com/?q=CUTE%20NAILS%20SPA%2012050%20N%20Thornydale%20Rd%20%23130%2C%20Marana%2C%20AZ%2085658%2C%20USA,https://kiwi-nails.edan.io/,2,custom/unknown,unknown,0,has website,39,false,ChIJJddPqyoK1oYRmRJviFxL6IU,4.4,151,
LA Nails,"5027, 9725 N Thornydale Rd #119, Tucson, AZ 85742, USA",+1 520-579-8238,nail_salon,dove-mountain-marana,https://maps.google.com/?q=LA%20Nails%205027%2C%209725%20N%20Thornydale%20Rd%20%23119%2C%20Tucson%2C%20AZ%2085742%2C%20USA,,1,,,0,no website,40,false,ChIJ_U_8RisK1oYRWkKJlgzivp0,3.7,67,lanailstucson.com; lanailsaz.com
Head2toe3sthetics,"5583 W Sunset Vista Pl, Marana, AZ 85658, USA",+1 520-265-7667,beauty_salon,dove-mountain-marana,https://maps.google.com/?q=Head2toe3sthetics%205583%20W%20Sunset%20Vista%20Pl%2C%20Marana%2C%20AZ%2085658%2C%20USA,https://head2toe3sthetics.glossgenius.com/,2,custom/unknown,unregistered,0,has website,41,false,ChIJ-a4Ak5UJ1oYRT47nox_U48s,5,34,
Sonthuy Brows and Lash,"9665 N Thornydale Rd #120, Tucson, AZ 85742, USA",+1 520-591-5524,beauty_salon,dove-mountain-marana,https://maps.google.com/?q=Sonthuy%20Brows%20and%20Lash%209665%20N%20Thornydale%20Rd%20%23120%2C%20Tucson%2C%20AZ%2085742%2C%20USA,https://www.sonthuybeauty.com/,2,wix,Wix.com Ltd.,0,has website,42,false,ChIJT0U7mn0L1oYRSdtoG3yp1iQ,4.9,195,
Three Keys Tattoo,"6401 Marana Center Blvd Ste 842, Tucson, AZ 85742, USA",+1 480-440-9891,beauty_salon,dove-mountain-marana,https://maps.google.com/?q=Three%20Keys%20Tattoo%206401%20Marana%20Center%20Blvd%20Ste%20842%2C%20Tucson%2C%20AZ%2085742%2C%20USA,https://www.instagram.com/three.keys.tattoo.tucson/,2,custom/unknown,RegistrarSafe,0,has website,43,false,ChIJy-Zu5kjh1YYRt_kXEgjVNaw,4.8,101,
EHALO LLC,"9446 N Sammy Ave, Tucson, AZ 85742, USA",+1 520-838-1843,spa,dove-mountain-marana,https://maps.google.com/?q=EHALO%20LLC%209446%20N%20Sammy%20Ave%2C%20Tucson%2C%20AZ%2085742%2C%20USA,,1,,,0,no website,44,false,ChIJBf0BY9gL1oYRlWGmFbgT92E,,,ehalotucson.com; ehaloaz.com
Copper Queens Med Spa,"9725 N Thornydale Rd Ste 113, Tucson, AZ 85742, USA",+1 520-232-2001,spa,dove-mountain-marana,https://maps.google.com/?q=Copper%20Queens%20Med%20Spa%209725%20N%20Thornydale%20Rd%20Ste%20113%2C%20Tucson%2C%20AZ%2085742%2C%20USA,http://www.copperqueensmedspa.com/,2,squarespace,Squarespace Domains LLC,0,has website,45,false,ChIJd1gT-hQL1oYRQawwxLLfHW8,5,37,
Drip Medical Care,"6401 Marana Center Blvd Suite 906, Tucson, AZ 85742, USA",+1 520-631-9591,spa,dove-mountain-marana,https://maps.google.com/?q=Drip%20Medical%20Care%206401%20Marana%20Center%20Blvd%20Suite%20906%2C%20Tucson%2C%20AZ%2085742%2C%20USA,https://www.dripmedicalcare.com/,2,wix,Wix.com Ltd.,0,has website,46,false,ChIJl3F8dznh1YYR8Ic_QOEP_nw,4.5,23,
Quiet Waters Maternity Spa & Wellness Center - Tucson,"6401 Marana Center Blvd Suite 917, Tucson, AZ 85742, USA",+1 520-367-7268,spa,dove-mountain-marana,https://maps.google.com/?q=Quiet%20Waters%20Maternity%20Spa%20%26%20Wellness%20Center%20-%20Tucson%206401%20Marana%20Center%20Blvd%20Suite%20917%2C%20Tucson%2C%20AZ%2085742%2C%20USA,https://www.qwmspllc.com/,2,squarespace,Squarespace Domains II LLC,0,has website,47,false,ChIJTb8W4Gnh1YYR4bm2ita6pIY,5,2,
JesusLuxFades,"9665 N Thornydale Rd, Tucson, AZ 85742, USA",+1 520-403-0893,barber_shop,dove-mountain-marana,https://maps.google.com/?q=JesusLuxFades%209665%20N%20Thornydale%20Rd%2C%20Tucson%2C%20AZ%2085742%2C%20USA,http://jesusluxfades.booksy.com/,2,custom/unknown,unregistered,0,has website,48,false,ChIJ33yXST8L1oYR_fF5emWTRbI,,,
Bria Dental at Dove Mountain,"12080 N Dove Mountain Blvd Suite 140, Marana, AZ 85658, USA",+1 520-367-2742,dentist,dove-mountain-marana,https://maps.google.com/?q=Bria%20Dental%20at%20Dove%20Mountain%2012080%20N%20Dove%20Mountain%20Blvd%20Suite%20140%2C%20Marana%2C%20AZ%2085658%2C%20USA,https://www.briadental.com/?utm_source=google&utm_medium=gbp&utm_campaign=google_business,2,wordpress,GoDaddy.com,0,has website,49,false,ChIJyTURWnwJ1oYRKoBR-EVEAfU,4.9,874,
"Dr. Trym H. Gibbons, DDS","12090 N Thornydale Rd Ste 106, Marana, AZ 85658, USA",+1 520-616-4610,dentist,dove-mountain-marana,https://maps.google.com/?q=Dr.%20Trym%20H.%20Gibbons%2C%20DDS%2012090%20N%20Thornydale%20Rd%20Ste%20106%2C%20Marana%2C%20AZ%2085658%2C%20USA,http://www.maranaskydental.com/,2,custom/unknown,GoDaddy.com,0,has website,50,false,ChIJJ6XzVJNz1oYRfUW2aZjhU9k,5,2,
Marana Sky Dental,"12090 N Thornydale Rd Ste 106, Marana, AZ 85658, USA",+1 520-616-4610,dentist,dove-mountain-marana,https://maps.google.com/?q=Marana%20Sky%20Dental%2012090%20N%20Thornydale%20Rd%20Ste%20106%2C%20Marana%2C%20AZ%2085658%2C%20USA,http://maranaskydental.com/,2,custom/unknown,GoDaddy.com,0,has website,51,false,ChIJnzm4qioK1oYRNXMd_dbTe_M,4.9,748,
Dr. Trym Gibbons,"12090 N Thornydale Rd Ste 106, Marana, AZ 85658, USA",+1 520-616-4610,dentist,dove-mountain-marana,https://maps.google.com/?q=Dr.%20Trym%20Gibbons%2012090%20N%20Thornydale%20Rd%20Ste%20106%2C%20Marana%2C%20AZ%2085658%2C%20USA,https://maranaskydental.com/meet-dr-trym-gibbons/,2,custom/unknown,GoDaddy.com,0,has website,52,false,ChIJVVWlVNUL1oYRFrOKW7v1-ng,,,
"Dr. Joseph G. Van Cleve, DDS","12090 N Thornydale Rd, Marana, AZ 85658, USA",+1 520-616-4610,dentist,dove-mountain-marana,https://maps.google.com/?q=Dr.%20Joseph%20G.%20Van%20Cleve%2C%20DDS%2012090%20N%20Thornydale%20Rd%2C%20Marana%2C%20AZ%2085658%2C%20USA,http://maranaskydental.com/,2,custom/unknown,GoDaddy.com,0,has website,53,false,ChIJm0syqcBx1oYRAm4vvndamw8,1,1,
Tortolita Dental Group and Orthodontics,"9725 N Thornydale Rd Ste 173, Tucson, AZ 85742, USA",+1 520-200-0177,dentist,dove-mountain-marana,https://maps.google.com/?q=Tortolita%20Dental%20Group%20and%20Orthodontics%209725%20N%20Thornydale%20Rd%20Ste%20173%2C%20Tucson%2C%20AZ%2085742%2C%20USA,https://www.tortolitadentalgroup.com/?sc_cid=GBP%3AO%3AGP%3A475%3AOrganic_Search%3AGeneral%3Ana&_vsrefdom=organic_gbp&y_source=1_MzkxMTUyMS03MTUtbG9jYXRpb24ud2Vic2l0ZQ%3D%3D,2,,CSC Corporate Domains,0,has website,54,false,ChIJdXpli_8K1oYRXtHUvxKKqnk,4.7,670,
Rui Wen Pang,"5224 W Dove Centre Rd, Marana, AZ 85658, USA",+1 520-682-1091,doctor,dove-mountain-marana,https://maps.google.com/?q=Rui%20Wen%20Pang%205224%20W%20Dove%20Centre%20Rd%2C%20Marana%2C%20AZ%2085658%2C%20USA,https://mhchealthcare.org/provider/rui-wen-raven-pang/,2,wordpress,GoDaddy.com,0,has website,55,false,ChIJq6pqLI3k1YYR-wg5OZKwHRk,2.9,9,
Marana Health at Dove Mountain,"5224 W Dove Centre Rd Suite #104, Marana, AZ 85658, USA",+1 520-682-4111,doctor,dove-mountain-marana,https://maps.google.com/?q=Marana%20Health%20at%20Dove%20Mountain%205224%20W%20Dove%20Centre%20Rd%20Suite%20%23104%2C%20Marana%2C%20AZ%2085658%2C%20USA,http://maranahealth.org/,2,wordpress,GoDaddy.com,0,has website,56,false,ChIJQWjdo_YJ1oYRPkf-_33jWuc,2.8,79,
Peters Christian K DO,"6070 W Desert Marigold Ln, Tucson, AZ 85742, USA",+1 520-572-2450,doctor,dove-mountain-marana,https://maps.google.com/?q=Peters%20Christian%20K%20DO%206070%20W%20Desert%20Marigold%20Ln%2C%20Tucson%2C%20AZ%2085742%2C%20USA,https://splinternetmarketing.com/local-pros/arizona/tucson/peters-christian-k-do/,2,wordpress,eNom,0,has website,57,false,ChIJV8bBveLh1YYRMmRLEYitKoQ,5,2,
AKDHC,"3600 W Tangerine Rd Ste 110, Marana, AZ 85658, USA",+1 520-585-4634,doctor,dove-mountain-marana,https://maps.google.com/?q=AKDHC%203600%20W%20Tangerine%20Rd%20Ste%20110%2C%20Marana%2C%20AZ%2085658%2C%20USA,http://www.akdhc.com/location/marana-office/,2,wordpress,Domain.com - Network Solutions,0,has website,58,false,ChIJ4SI7UJ8L1oYRdl4EEIxk5Co,5,4,
"Physical Therapy of Dove Mountain, LLC","5242 W Winding Desert Dr, Marana, AZ 85658, USA",+1 847-609-3573,physiotherapist,dove-mountain-marana,https://maps.google.com/?q=Physical%20Therapy%20of%20Dove%20Mountain%2C%20LLC%205242%20W%20Winding%20Desert%20Dr%2C%20Marana%2C%20AZ%2085658%2C%20USA,http://www.ptdovemountain.com/,2,custom/unknown,GoDaddy.com,0,has website,59,false,ChIJT_XiDAAJ1oYRVx1aHpybEYI,,,
Visionaries LLC,"7290 N Oldfather Dr, Tucson, AZ 85742, USA",,clothing_store,dove-mountain-marana,https://maps.google.com/?q=Visionaries%20LLC%207290%20N%20Oldfather%20Dr%2C%20Tucson%2C%20AZ%2085742%2C%20USA,,1,,,0,no website,61,false,ChIJ4ddcHIsL1oYRZ_mzjASNoiQ,,,visionariestucson.com; visionariesaz.com
Sassy Dezines Ceramics,"3420 W Potvin Ln, Tucson, AZ 85742, USA",+1 520-744-2417,clothing_store,dove-mountain-marana,https://maps.google.com/?q=Sassy%20Dezines%20Ceramics%203420%20W%20Potvin%20Ln%2C%20Tucson%2C%20AZ%2085742%2C%20USA,,1,,,0,no website,62,false,ChIJvZodK7QL1oYRCSYPgRs40jo,,,sassydezinesceramics.com; sassydezinesceramicstucson.com
Simply Mecca Lifestyle,"9477 N Albatross Dr, Tucson, AZ 85742, USA",+1 520-955-1824,clothing_store,dove-mountain-marana,https://maps.google.com/?q=Simply%20Mecca%20Lifestyle%209477%20N%20Albatross%20Dr%2C%20Tucson%2C%20AZ%2085742%2C%20USA,,1,,,0,no website,63,false,ChIJwVO2CfgL1oYR2qSFrAlSUPA,,,simplymeccalifestyle.com; simplymeccalifestyletucson.com
twinkle toes and pretty bows,"3980 W Linda Vista Blvd ste 17209, Tucson, AZ 85742, USA",+1 520-248-7575,clothing_store,dove-mountain-marana,https://maps.google.com/?q=twinkle%20toes%20and%20pretty%20bows%203980%20W%20Linda%20Vista%20Blvd%20ste%2017209%2C%20Tucson%2C%20AZ%2085742%2C%20USA,,1,,,0,no website,64,false,ChIJY10Xi1UK1oYRgx2ONH4dAgc,,,twinkletoesandprettybows.com; twinkletoesandprettybowstucson.com
Nope Rope Apparel,"Tucson, AZ 85742, USA",,clothing_store,dove-mountain-marana,https://maps.google.com/?q=Nope%20Rope%20Apparel%20Tucson%2C%20AZ%2085742%2C%20USA,,1,,,0,no website,65,false,ChIJ78nUZrgL1oYRwc0sa0IEXOg,,,noperopeapparel.com; noperopeappareltucson.com
Levi’s Outlet Store,"6401 Marana Center Blvd Suite 105, Tucson, AZ 85742, USA",+1 520-918-5519,clothing_store,dove-mountain-marana,https://maps.google.com/?q=Levi%E2%80%99s%20Outlet%20Store%206401%20Marana%20Center%20Blvd%20Suite%20105%2C%20Tucson%2C%20AZ%2085742%2C%20USA,https://locations.levi.com/en-us/az/tucson/denim_tucson_az_264.html,2,custom/unknown,unregistered,0,has website,71,false,ChIJ28qw1tPh1YYRqQaIVCPtxn4,4.4,167,
"Perfume paradise 6401 Marana Center Blvd, Tucson, AZ 85742,","6401 Marana Center Blvd, Tucson, AZ 85742, USA",+1 520-633-2959,clothing_store,dove-mountain-marana,https://maps.google.com/?q=Perfume%20paradise%206401%20Marana%20Center%20Blvd%2C%20Tucson%2C%20AZ%2085742%2C%206401%20Marana%20Center%20Blvd%2C%20Tucson%2C%20AZ%2085742%2C%20USA,https://perfumeparadise.com/,2,shopify,GoDaddy.com,0,has website,79,false,ChIJF_bcQ97h1YYRALMVQfHDxxU,5,89,
Precious Metals Refinery,"12050 N Thornydale Rd #120, Marana, AZ 85658, USA",+1 520-445-3939,jewelry_store,dove-mountain-marana,https://maps.google.com/?q=Precious%20Metals%20Refinery%2012050%20N%20Thornydale%20Rd%20%23120%2C%20Marana%2C%20AZ%2085658%2C%20USA,https://preciousmetalsrefinery.com/locations/marana/?utm_source=google&utm_medium=organic&utm_campaign=gbp-marana,2,wordpress,GoDaddy.com,0,has website,80,false,ChIJnY-eBBdx1oYRCa1YeA5Zjv4,4.9,712,
AZ Western Design,"4701 W Linda Vista Blvd, Tucson, AZ 85742, USA",+1 504-304-1429,jewelry_store,dove-mountain-marana,https://maps.google.com/?q=AZ%20Western%20Design%204701%20W%20Linda%20Vista%20Blvd%2C%20Tucson%2C%20AZ%2085742%2C%20USA,,1,,,0,no website,81,false,ChIJOVfpZF8K1oYRZKlhDRZGHLs,,,azwesterndesign.com; azwesterndesigntucson.com
Mike’s Machines LLC,"17705 Breckner Rd, Foley, AL 36535, USA",+1 520-465-3131,car_repair,dove-mountain-marana,https://maps.google.com/?q=Mike%E2%80%99s%20Machines%20LLC%2017705%20Breckner%20Rd%2C%20Foley%2C%20AL%2036535%2C%20USA,,1,,,0,no website,86,false,ChIJObim1icL1oYR9r7-vkMM7D8,5,5,mikesmachinestucson.com; mikesmachinesaz.com
A.A. Ron Automotive,"3710 W Turkey Ln, Tucson, AZ 85742, USA",+1 520-419-9482,car_repair,dove-mountain-marana,https://maps.google.com/?q=A.A.%20Ron%20Automotive%203710%20W%20Turkey%20Ln%2C%20Tucson%2C%20AZ%2085742%2C%20USA,,1,,,0,no website,87,false,ChIJ16S7SDUL1oYRluPaYHhSu3o,5,1,aaronautomotivetucson.com; aaronautomotiveaz.com
Bill Luke Marana Service Center,"6565 Marana Center Blvd, Tucson, AZ 85742, USA",+1 520-614-0829,car_repair,dove-mountain-marana,https://maps.google.com/?q=Bill%20Luke%20Marana%20Service%20Center%206565%20Marana%20Center%20Blvd%2C%20Tucson%2C%20AZ%2085742%2C%20USA,https://www.billlukemarana.com/service/?utm_source=google&utm_medium=organic,2,custom/unknown,Squarespace Domains II LLC,0,has website,90,false,ChIJQxHnAwTh1YYRJQ7TWQ62Dpk,4.9,77,
DECO Windshield Repair,"6401 Marana Center Blvd, Tucson, AZ 85742, USA",+1 866-461-3326,car_repair,dove-mountain-marana,https://maps.google.com/?q=DECO%20Windshield%20Repair%206401%20Marana%20Center%20Blvd%2C%20Tucson%2C%20AZ%2085742%2C%20USA,https://decorepair.com/locations/tuscon-premium-outlets,2,custom/unknown,DreamHost,0,has website,91,false,ChIJGxULBjPh1YYRJCkrHR7D1R0,5,2,
ZenithCarDetailAZ,"5444 W Windmill Farm Dr, Tucson, AZ 85742, USA",+1 520-204-8608,car_wash,dove-mountain-marana,https://maps.google.com/?q=ZenithCarDetailAZ%205444%20W%20Windmill%20Farm%20Dr%2C%20Tucson%2C%20AZ%2085742%2C%20USA,,1,,,0,no website,92,false,ChIJNUWHtGUL1oYRdavXzbyQh8A,,,zenithcardetailaz.com; zenithcardetailaztucson.com
Clean Freak Car Wash Marana - Tangerine,"3870 W Tangerine Rd, Marana, AZ 85658, USA",,car_wash,dove-mountain-marana,https://maps.google.com/?q=Clean%20Freak%20Car%20Wash%20Marana%20-%20Tangerine%203870%20W%20Tangerine%20Rd%2C%20Marana%2C%20AZ%2085658%2C%20USA,https://cleanfreakcarwash.com/,2,wordpress,GoDaddy.com,0,has website,93,false,ChIJ_7KXrxgL1oYRApBwX_fooaM,4.2,62,
M & M Fleet Wash,"5167 W Nighthawk Way, Tucson, AZ 85742, USA",+1 520-481-7027,car_wash,dove-mountain-marana,https://maps.google.com/?q=M%20%26%20M%20Fleet%20Wash%205167%20W%20Nighthawk%20Way%2C%20Tucson%2C%20AZ%2085742%2C%20USA,,1,,,0,no website,94,false,ChIJhVKa_lxx1oYRgCstZCDEOcg,,,mmfleetwash.com; mmfleetwashtucson.com
Mister Car Wash,"6520 Marana Center Blvd, Tucson, AZ 85742, USA",+1 520-335-8707,car_wash,dove-mountain-marana,https://maps.google.com/?q=Mister%20Car%20Wash%206520%20Marana%20Center%20Blvd%2C%20Tucson%2C%20AZ%2085742%2C%20USA,https://mistercarwash.com/store/twin-peaks-1331/?utm_source=google&utm_medium=organic&utm_campaign=gbp,2,wordpress,Network Solutions,0,has website,95,false,ChIJyVgbGLvh1YYRBcLy0sARr78,4.7,15,
Dove Mountain Cleaners,"12080 N Dove Mountain Blvd STE 170, Marana, AZ 85658, USA",+1 520-579-9012,laundry,dove-mountain-marana,https://maps.google.com/?q=Dove%20Mountain%20Cleaners%2012080%20N%20Dove%20Mountain%20Blvd%20STE%20170%2C%20Marana%2C%20AZ%2085658%2C%20USA,http://www.dovemountaincleaners.com/,2,,GoDaddy.com,0,has website,96,false,ChIJpVcnuZMJ1oYR32P-4ucfooY,4.4,17,
Mountain View Cleaners,"12060 N Thornydale Rd # 104, Marana, AZ 85658, USA",+1 520-744-7170,laundry,dove-mountain-marana,https://maps.google.com/?q=Mountain%20View%20Cleaners%2012060%20N%20Thornydale%20Rd%20%23%20104%2C%20Marana%2C%20AZ%2085658%2C%20USA,,1,,,0,no website,97,false,ChIJoTgksyoK1oYR3xqThuXihFQ,4.6,14,mountainviewcleanerstucson.com; mountainviewcleanersaz.com
Super Cleaners Thornydale Linda Vista & Alterations,"9725 N Thornydale Rd # 125, Tucson, AZ 85742, USA",+1 520-572-3800,laundry,dove-mountain-marana,https://maps.google.com/?q=Super%20Cleaners%20Thornydale%20Linda%20Vista%20%26%20Alterations%209725%20N%20Thornydale%20Rd%20%23%20125%2C%20Tucson%2C%20AZ%2085742%2C%20USA,,1,,,0,no website,98,false,ChIJ_U_8RisK1oYRTvtpq7CKYSM,4.4,31,supercleanersthornydalelindavistaalterations.com; supercleanersthornydalelindavistaalterationstucson.com
DIY Pet Wash Tucson,"9725 N Thornydale Rd STE #139, Tucson, AZ 85742, USA",+1 520-572-8855,pet_store,dove-mountain-marana,https://maps.google.com/?q=DIY%20Pet%20Wash%20Tucson%209725%20N%20Thornydale%20Rd%20STE%20%23139%2C%20Tucson%2C%20AZ%2085742%2C%20USA,http://diypetwashtucson.com/,2,custom/unknown,GoDaddy.com,0,has website,99,false,ChIJm-5veNV01oYRV2gHhJWbLBE,4.7,216,
"Rescue Me Tucson, Rescue Me Marana Pet Adoption Center","6401 Marana Center Blvd Suite 902, Tucson, AZ 85742, USA",+1 520-261-1616,pet_store,dove-mountain-marana,https://maps.google.com/?q=Rescue%20Me%20Tucson%2C%20Rescue%20Me%20Marana%20Pet%20Adoption%20Center%206401%20Marana%20Center%20Blvd%20Suite%20902%2C%20Tucson%2C%20AZ%2085742%2C%20USA,http://www.rescuemetucson.org/,2,wordpress,Tucows Domains Inc.,0,has website,100,false,ChIJJ71CVOvh1YYRlmuDz6DvdWk,4.4,49,
