business_name,zone,tier,score,platform,domain_suggestion,google_rating,review_count,category,google_maps_url,rationale
"Herbert M. Grossman, M.D.",catalina-foothills,1,132,none,herbertmgrossmanmd.com,5,7,doctor,https://maps.google.com/?q=Herbert%20M.%20Grossman%2C%20M.D.%204729%20E%20Sunrise%20Dr%20POB%20233%2C%20Tucson%2C%20AZ%2085718%2C%20USA,"Tier 1 — no website; doctor in Catalina Foothills, 5★ 7 reviews"
Bone,catalina-foothills,1,132,none,bonetucson.com,5,19,doctor,https://maps.google.com/?q=Bone%204640%20E%20Sunrise%20Dr%20%23100%2C%20Tucson%2C%20AZ%2085718%2C%20USA,"Tier 1 — no website; doctor in Catalina Foothills, 5★ 19 reviews"
Tucson Foot and Ankle Institute,casas-adobes,1,130,none,tucsonfootandankleinstitute.com,4.8,248,doctor,https://maps.google.com/?q=Tucson%20Foot%20and%20Ankle%20Institute%207406%20N%20La%20Cholla%20Blvd%2C%20Tucson%2C%20AZ%2085741%2C%20USA,"Tier 1 — no website; doctor in Casas Adobes, 4.8★ 248 reviews"
Follow Through Fitness,catalina-foothills,1,130,none,followthroughfitnesstucson.com,5,5,physiotherapist,https://maps.google.com/?q=Follow%20Through%20Fitness%205501%20N%20Swan%20Rd%20%23150%2C%20Tucson%2C%20AZ%2085718%2C%20USA,"Tier 1 — no website; physiotherapist in Catalina Foothills, 5★ 5 reviews"
Wildflower Med Spa LLC,catalina-foothills,1,127,none,wildflowermedspatucson.com,4.6,19,spa,https://maps.google.com/?q=Wildflower%20Med%20Spa%20LLC%204640%20E%20Sunrise%20Dr%20%23100%2C%20Tucson%2C%20AZ%2085718%2C%20USA,"Tier 1 — no website; spa in Catalina Foothills, 4.6★ 19 reviews"
Jouvance Med Spa,catalina-foothills,1,127,none,jouvancemedspa.com,5,18,spa,https://maps.google.com/?q=Jouvance%20Med%20Spa%204640%20E%20Sunrise%20Dr%20%23100%2C%20Tucson%2C%20AZ%2085718%2C%20USA,"Tier 1 — no website; spa in Catalina Foothills, 5★ 18 reviews"
Dr. Joseph Larsen,oro-valley,1,127,none,drjosephlarsen.com,5,1,dentist,https://maps.google.com/?q=Dr.%20Joseph%20Larsen%209000%20N%20Oracle%20Rd%2C%20Oro%20Valley%2C%20AZ%2085704%2C%20USA,"Tier 1 — no website; dentist in Oro Valley, 5★ 1 reviews"
Joshua Crosby,oro-valley,1,127,none,joshuacrosbytucson.com,5,2,dentist,https://maps.google.com/?q=Joshua%20Crosby%209000%20N%20Oracle%20Rd%20Ste%20200%2C%20Tucson%2C%20AZ%2085704%2C%20USA,"Tier 1 — no website; dentist in Oro Valley, 5★ 2 reviews"
"Dr. Randall W. Fehr, MD",oro-valley,1,127,none,drrandallwfehrmd.com,5,4,doctor,https://maps.google.com/?q=Dr.%20Randall%20W.%20Fehr%2C%20MD%2010371%20N%20Oracle%20Rd%20Suite%20204%2C%20Oro%20Valley%2C%20AZ%2085737%2C%20USA,"Tier 1 — no website; doctor in Oro Valley, 5★ 4 reviews"
"Will Polec, NMD",catalina-foothills,1,126,none,willpolecnmd.com,3.9,7,doctor,https://maps.google.com/?q=Will%20Polec%2C%20NMD%206262%20N%20Swan%20Rd%20Ste%20120%2C%20Tucson%2C%20AZ%2085718%2C%20USA,"Tier 1 — no website; doctor in Catalina Foothills, 3.9★ 7 reviews"
LV Nail Spa,tanque-verde-sabino,1,126,none,lvnailspatucson.com,4.3,234,beauty_salon,https://maps.google.com/?q=LV%20Nail%20Spa%208856%20E%20Tanque%20Verde%20Rd%2C%20Tucson%2C%20AZ%2085749%2C%20USA,"Tier 1 — no website; beauty salon in Tanque Verde, 4.3★ 234 reviews"
Franklyn Pfeil,oro-valley,1,125,none,franklynpfeil.com,5,1,physiotherapist,https://maps.google.com/?q=Franklyn%20Pfeil%2010550%20N%20La%20Ca%C3%B1ada%20Dr%20Ste%20160%2C%20Tucson%2C%20AZ%2085737%2C%20USA,"Tier 1 — no website; physiotherapist in Oro Valley, 5★ 1 reviews"
Pelvic Health 2 You,oro-valley,1,125,none,pelvichealth2youtucson.com,5,1,physiotherapist,https://maps.google.com/?q=Pelvic%20Health%202%20You%201182%20W%20Masters%20Cir%2C%20Tucson%2C%20AZ%2085737%2C%20USA,"Tier 1 — no website; physiotherapist in Oro Valley, 5★ 1 reviews"
Top Knotch Salon,catalina-foothills,1,124,none,topknotchsalontucson.com,4.6,16,hair_salon,https://maps.google.com/?q=Top%20Knotch%20Salon%205673%20N%20Swan%20Rd%20%23179%2C%20Tucson%2C%20AZ%2085718%2C%20USA,"Tier 1 — no website; hair salon in Catalina Foothills, 4.6★ 16 reviews"
Not Forgotten Mobile Hair Studio,catalina-foothills,1,124,none,notforgottenmobilehairstudio.com,5,1,hair_salon,https://maps.google.com/?q=Not%20Forgotten%20Mobile%20Hair%20Studio%204500%20E%20Sunrise%20Dr%2C%20Tucson%2C%20AZ%2085718%2C%20USA,"Tier 1 — no website; hair salon in Catalina Foothills, 5★ 1 reviews"
The Art of Nails,oro-valley,1,122,none,artofnailstucson.com,4.4,132,nail_salon,https://maps.google.com/?q=The%20Art%20of%20Nails%2011931%20N%201st%20Ave%20%23103%2C%20Oro%20Valley%2C%20AZ%2085737%2C%20USA,"Tier 1 — no website; nail salon in Oro Valley, 4.4★ 132 reviews"
Chic Nail Boutique,oro-valley,1,122,none,chicnailboutiquetucson.com,4.3,102,nail_salon,https://maps.google.com/?q=Chic%20Nail%20Boutique%201880%20E%20Tangerine%20Rd%20%23%20120%2C%20Oro%20Valley%2C%20AZ%2085755%2C%20USA,"Tier 1 — no website; nail salon in Oro Valley, 4.3★ 102 reviews"
The Beauty Spot,oro-valley,1,122,none,beautyspottucson.com,5,9,spa,https://maps.google.com/?q=The%20Beauty%20Spot%2010420%20N%20La%20Ca%C3%B1ada%20Dr%20%23120%2C%20Oro%20Valley%2C%20AZ%2085737%2C%20USA,"Tier 1 — no website; spa in Oro Valley, 5★ 9 reviews"
Adient-Gyllenhaal Physical Therapy,oro-valley,1,122,none,adientgyllenhaalphysicaltherapy.com,4,1,physiotherapist,https://maps.google.com/?q=Adient-Gyllenhaal%20Physical%20Therapy%2012162%20N%20Rancho%20Vistoso%20Blvd%2C%20Oro%20Valley%2C%20AZ%2085755%2C%20USA,"Tier 1 — no website; physiotherapist in Oro Valley, 4★ 1 reviews"
"Razor's Edge Barbershop - Tucson, AZ",tanque-verde-sabino,1,122,none,razorsedgebarbershoptucsonaz.com,4.7,153,hair_salon,https://maps.google.com/?q=Razor%27s%20Edge%20Barbershop%20-%20Tucson%2C%20AZ%202462%20N%20Pantano%20Rd%20%232%2C%20Tucson%2C%20AZ%2085715%2C%20USA,"Tier 1 — no website; hair salon in Tanque Verde, 4.7★ 153 reviews"
Executive Healthcare And Aviation Medicine,catalina-foothills,2,102,wix,,5,12,doctor,https://maps.google.com/?q=Executive%20Healthcare%20And%20Aviation%20Medicine%206450%20N%20Swan%20Rd%20%23120%2C%20Tucson%2C%20AZ%2085718%2C%20USA,"Tier 2 — wix site; doctor in Catalina Foothills, 5★ 12 reviews — upgrade from template"
Vivace Restaurant,catalina-foothills,2,100,wix,,4.7,2345,restaurant,https://maps.google.com/?q=Vivace%20Restaurant%206440%20N%20Campbell%20Ave%2C%20Tucson%2C%20AZ%2085718%2C%20USA,"Tier 2 — wix site; restaurant in Catalina Foothills, 4.7★ 2345 reviews — upgrade from template"
Ventana,oro-valley,2,98,weebly,,5,81,physiotherapist,https://maps.google.com/?q=Ventana%207980%20N%20Oracle%20Rd%20Suite%20110%2C%20Oro%20Valley%2C%20AZ%2085704%2C%20USA,"Tier 2 — weebly site; physiotherapist in Oro Valley, 5★ 81 reviews — upgrade from template"
Bisbee Breakfast Club,catalina-foothills,2,97,wix,,4.4,1090,restaurant,https://maps.google.com/?q=Bisbee%20Breakfast%20Club%204811%20E%20Sunrise%20Dr%20Suite%20165%2C%20Tucson%2C%20AZ%2085718%2C%20USA,"Tier 2 — wix site; restaurant in Catalina Foothills, 4.4★ 1090 reviews — upgrade from template"
BB Beauty Lounge (Foothills),catalina-foothills,2,97,wix,,5,13,spa,https://maps.google.com/?q=BB%20Beauty%20Lounge%20%28Foothills%29%206450%20N%20Swan%20Rd%20STE%20100%2C%20Tucson%2C%20AZ%2085718%2C%20USA,"Tier 2 — wix site; spa in Catalina Foothills, 5★ 13 reviews — upgrade from template"
lewis + ivey salon,oro-valley,2,97,wix,,4.9,185,hair_salon,https://maps.google.com/?q=lewis%20%2B%20ivey%20salon%201880%20E%20Tangerine%20Rd%20%23160%2C%20Oro%20Valley%2C%20AZ%2085755%2C%20USA,"Tier 2 — wix site; hair salon in Oro Valley, 4.9★ 185 reviews — upgrade from template"
Cutting Edge Salon & Boutique,tanque-verde-sabino,2,97,wix,,4.9,338,hair_salon,https://maps.google.com/?q=Cutting%20Edge%20Salon%20%26%20Boutique%209155%20E%20Tanque%20Verde%20Rd%2C%20Tucson%2C%20AZ%2085749%2C%20USA,"Tier 2 — wix site; hair salon in Tanque Verde, 4.9★ 338 reviews — upgrade from template"
Tavolino Ristorante Italiano,catalina-foothills,2,96,wix,,4.4,797,bar,https://maps.google.com/?q=Tavolino%20Ristorante%20Italiano%202890%20E%20Skyline%20Dr%2C%20Tucson%2C%20AZ%2085718%2C%20USA,"Tier 2 — wix site; bar in Catalina Foothills, 4.4★ 797 reviews — upgrade from template"
Foothills Dermatology,casas-adobes,2,94,wix,,4.9,421,beauty_salon,https://maps.google.com/?q=Foothills%20Dermatology%207418%20N%20La%20Cholla%20Blvd%2C%20Tucson%2C%20AZ%2085741%2C%20USA,"Tier 2 — wix site; beauty salon in Casas Adobes, 4.9★ 421 reviews — upgrade from template"
Rooted Integrative Wellness,sam-hughes-university,2,93,weebly,,5,278,physiotherapist,https://maps.google.com/?q=Rooted%20Integrative%20Wellness%201600%20N%20Tucson%20Blvd%20Suite%20100%20%26%20120%2C%20Tucson%2C%20AZ%2085716%2C%20USA,"Tier 2 — weebly site; physiotherapist in Sam Hughes/University, 5★ 278 reviews — upgrade from template"
Blue Lemon Health & Wellness,oro-valley,2,92,weebly,,5,2,spa,https://maps.google.com/?q=Blue%20Lemon%20Health%20%26%20Wellness%2010132%20N%20Oracle%20Rd%20Ste%20160%2C%20Tucson%2C%20AZ%2085704%2C%20USA,"Tier 2 — weebly site; spa in Oro Valley, 5★ 2 reviews — upgrade from template"
Harvest Restaurant,oro-valley,2,91,wix,,4.3,1093,bar,https://maps.google.com/?q=Harvest%20Restaurant%2010355%20N%20La%20Ca%C3%B1ada%20Dr%20%23141%2C%20Oro%20Valley%2C%20AZ%2085737%2C%20USA,"Tier 2 — wix site; bar in Oro Valley, 4.3★ 1093 reviews — upgrade from template"
Fork & Fire Smokehouse + Taproom,oro-valley,2,91,wix,,4.4,839,bar,https://maps.google.com/?q=Fork%20%26%20Fire%20Smokehouse%20%2B%20Taproom%2011835%20N%20Oracle%20Rd%20%23101%2C%20Oro%20Valley%2C%20AZ%2085737%2C%20USA,"Tier 2 — wix site; bar in Oro Valley, 4.4★ 839 reviews — upgrade from template"
The Nest,catalina-foothills,2,90,wix,,5,21,clothing_store,https://maps.google.com/?q=The%20Nest%206370%20N%20Campbell%20Ave%20%23130%2C%20Tucson%2C%20AZ%2085718%2C%20USA,"Tier 2 — wix site; clothing store in Catalina Foothills, 5★ 21 reviews — upgrade from template"
Rapunzel's Spa,tanque-verde-sabino,2,90,wix,,4.8,73,spa,https://maps.google.com/?q=Rapunzel%27s%20Spa%207809%20E%20Wrightstown%20Rd%2C%20Tucson%2C%20AZ%2085715%2C%20USA,"Tier 2 — wix site; spa in Tanque Verde, 4.8★ 73 reviews — upgrade from template"
Oro Valley Dental Group,oro-valley,3,100,wordpress,,5,1246,dentist,https://maps.google.com/?q=Oro%20Valley%20Dental%20Group%20750%20E%20Pusch%20View%20Ln%20%23100%2C%20Oro%20Valley%2C%20AZ%2085737%2C%20USA,"Tier 3 — wordpress; dentist in Oro Valley, 5★ 1246 reviews — redesign opportunity"
Fuchsia Spa La Encantada,catalina-foothills,3,99,wordpress,,4.8,1038,beauty_salon,https://maps.google.com/?q=Fuchsia%20Spa%20La%20Encantada%202905%20E%20Skyline%20Dr%20Suite%20123%2C%20Tucson%2C%20AZ%2085718%2C%20USA,"Tier 3 — wordpress; beauty salon in Catalina Foothills, 4.8★ 1038 reviews — redesign opportunity"
Dentistry In Oro Valley,oro-valley,3,95,wordpress,,4.9,408,dentist,https://maps.google.com/?q=Dentistry%20In%20Oro%20Valley%2010371%20N%20Oracle%20Rd%20%23101%2C%20Oro%20Valley%2C%20AZ%2085737%2C%20USA,"Tier 3 — wordpress; dentist in Oro Valley, 4.9★ 408 reviews — redesign opportunity"
Mountainside Dental Care,oro-valley,3,95,wordpress,,4.9,479,dentist,https://maps.google.com/?q=Mountainside%20Dental%20Care%209000%20N%20Oracle%20Rd%20bldg%20b%2C%20Oro%20Valley%2C%20AZ%2085704%2C%20USA,"Tier 3 — wordpress; dentist in Oro Valley, 4.9★ 479 reviews — redesign opportunity"
Oro Valley Dental Arts,oro-valley,3,95,wordpress,,5,252,dentist,https://maps.google.com/?q=Oro%20Valley%20Dental%20Arts%209000%20N%20Oracle%20Rd%20Building%20A%2C%20Oro%20Valley%2C%20AZ%2085704%2C%20USA,"Tier 3 — wordpress; dentist in Oro Valley, 5★ 252 reviews — redesign opportunity"
Bodycentral Physical Therapy - Oro Valley Physical Therapy Catalina & North Tucson,oro-valley,3,93,wordpress,,4.9,271,physiotherapist,https://maps.google.com/?q=Bodycentral%20Physical%20Therapy%20-%20Oro%20Valley%20Physical%20Therapy%20Catalina%20%26%20North%20Tucson%208327%20N%20Oracle%20Rd%2C%20Tucson%2C%20AZ%2085704%2C%20USA,"Tier 3 — wordpress; physiotherapist in Oro Valley, 4.9★ 271 reviews — redesign opportunity"
Sabino Hills Family Dentistry,tanque-verde-sabino,3,90,wordpress,,4.8,202,dentist,https://maps.google.com/?q=Sabino%20Hills%20Family%20Dentistry%209155%20E%20Tanque%20Verde%20Rd%20Ste%20127%2C%20Tucson%2C%20AZ%2085749%2C%20USA,"Tier 3 — wordpress; dentist in Tanque Verde, 4.8★ 202 reviews — redesign opportunity"
Vein and Aesthetics of Tucson,catalina-foothills,3,89,wordpress,,4.8,109,beauty_salon,https://maps.google.com/?q=Vein%20and%20Aesthetics%20of%20Tucson%204640%20E%20Sunrise%20Dr%20Ste%20217%2C%20Tucson%2C%20AZ%2085718%2C%20USA,"Tier 3 — wordpress; beauty salon in Catalina Foothills, 4.8★ 109 reviews — redesign opportunity"
Havven Beauty Salon,oro-valley,3,89,squarespace,,4.9,386,beauty_salon,https://maps.google.com/?q=Havven%20Beauty%20Salon%2010110%20N%20Oracle%20Rd%2C%20Oro%20Valley%2C%20AZ%2085737%2C%20USA,"Tier 3 — squarespace; beauty salon in Oro Valley, 4.9★ 386 reviews — redesign opportunity"
Oro Valley Aesthetics & Wellness,oro-valley,3,89,wordpress,,4.9,290,beauty_salon,https://maps.google.com/?q=Oro%20Valley%20Aesthetics%20%26%20Wellness%2010445%20N%20Oracle%20Rd%20Suite%20240%2C%20Oro%20Valley%2C%20AZ%2085737%2C%20USA,"Tier 3 — wordpress; beauty salon in Oro Valley, 4.9★ 290 reviews — redesign opportunity"
Agility Spine and Sports Physical Therapy,tanque-verde-sabino,3,88,wordpress,,4.9,227,physiotherapist,https://maps.google.com/?q=Agility%20Spine%20and%20Sports%20Physical%20Therapy%208987%20E%20Tanque%20Verde%20Rd%20%23301%2C%20Tucson%2C%20AZ%2085749%2C%20USA,"Tier 3 — wordpress; physiotherapist in Tanque Verde, 4.9★ 227 reviews — redesign opportunity"
"Dr. Dennis Weimer, Psychiatry",catalina-foothills,3,87,wordpress,,5,4,doctor,https://maps.google.com/?q=Dr.%20Dennis%20Weimer%2C%20Psychiatry%206450%20N%20Swan%20Rd%20%23106%2C%20Tucson%2C%20AZ%2085718%2C%20USA,"Tier 3 — wordpress; doctor in Catalina Foothills, 5★ 4 reviews — redesign opportunity"
"Head to Toe Healthcare, PLC",casas-adobes,3,85,wordpress,,4.6,245,doctor,https://maps.google.com/?q=Head%20to%20Toe%20Healthcare%2C%20PLC%207406%20N%20La%20Cholla%20Blvd%2C%20Tucson%2C%20AZ%2085741%2C%20USA,"Tier 3 — wordpress; doctor in Casas Adobes, 4.6★ 245 reviews — redesign opportunity"
Contigo Latin Kitchen,catalina-foothills,3,85,squarespace,,4.5,966,restaurant,https://maps.google.com/?q=Contigo%20Latin%20Kitchen%203770%20E%20Sunrise%20Dr%2C%20Tucson%2C%20AZ%2085718%2C%20USA,"Tier 3 — squarespace; restaurant in Catalina Foothills, 4.5★ 966 reviews — redesign opportunity"
RenewAll Wellness & Aesthetics,catalina-foothills,3,85,wordpress,,4.9,60,spa,https://maps.google.com/?q=RenewAll%20Wellness%20%26%20Aesthetics%204640%20E%20Sunrise%20Dr%20%23127%2C%20Tucson%2C%20AZ%2085718%2C%20USA,"Tier 3 — wordpress; spa in Catalina Foothills, 4.9★ 60 reviews — redesign opportunity"
